,mutual_information
ASP3,0.3632058664604266
ASN3,0.27674282390529337
GLY3,0.25864277687768666
ASP2,0.2577734425071343
GLU4,0.23873779611518275
ILE2,0.11434803986643288
LYS4,0.08894640587640557
VAL4,0.08807021815582221
ARG4,0.08164063459700116
HIS4,0.05308871729849576
GLY1,0.05308871729849576
PRO2,0.048818213775438386
LYS3,0.04729476428503593
LEU1,0.03934105153357487
GLN1,0.03934105153357487
LEU3,0.031109981227438605
LEU4,0.031009704561126034
THR4,0.031009704561126034
ASN1,0.025921141651997937
TRP3,0.025921141651997937
GLU1,0.025921141651997937
TRP4,0.025567384097873222
THR3,0.018936506622357435
SER3,0.018936506622357435
GLU3,0.016115405113171694
TYR3,0.015376471825753003
PRO3,0.015376471825753003
SER4,0.015121426150824874
TYR4,0.01434302570773402
ILE4,0.013873476077765443
CYS4,0.012812517778835679
LYS1,0.012812517778835679
PHE1,0.012812517778835679
TYR0,0.012812517778835679
ALA1,0.012812517778835679
THR1,0.012812517778835679
ILE1,0.012812517778835679
MET1,0.012812517778835679
VAL0,0.012812517778835679
PRO4,0.012812517778835679
ASP1,0.012812517778835679
THR0,0.012812517778835679
GLU0,0.012812517778835679
SER1,0.012812517778835679
MET2,0.012812517778835679
ARG3,0.011396416749930263
GLN3,0.009919868753210277
PHE3,0.009919868753210277
PHE2,0.007188601583557469
ASN4,0.006635384127703578
GLN4,0.006635384127703578
HIS3,0.006574658923743017
GLU2,0.006574658923743017
ALA2,0.005729285317043635
TYR2,0.005729285317043635
GLN2,0.005729285317043635
ILE3,0.005093635446353689
SER2,0.0049628279686167315
ALA3,0.0042892164794932075
GLY4,0.0040750336203808635
PHE4,0.0028254495649112366
VAL2,0.0028254495649112366
MET4,0.002295523360514931
LYS2,0.002295523360514931
VAL3,0.001645017890174072
GLY2,0.0014880598595250621
ASP4,0.0011604948829401496
ALA4,0.000946778674383919
LEU2,0.0008316382911430775
TRP2,0.0007230662231304391
THR2,0.0003770463826482662
ARG2,0.00025456413847942116
ASN2,0.00025456413847942116
MET3,0.00025456413847942116
HIS2,2.6670474077589157e-05
TRP1,0.0
TRP0,0.0
TYR1,0.0
VAL1,0.0
ALA0,0.0
SER0,0.0
PRO1,0.0
ARG0,0.0
ARG1,0.0
ASN0,0.0
ASP0,0.0
CYS0,0.0
CYS1,0.0
CYS2,0.0
CYS3,0.0
GLN0,0.0
GLY0,0.0
HIS0,0.0
HIS1,0.0
ILE0,0.0
LYS0,0.0
MET0,0.0
PHE0,0.0
PRO0,0.0
LEU0,0.0
